{"$schema":"https://schema.freqtrade.io/schema.json","max_open_trades":10,"stake_currency":"USDT","stake_amount":50,"tradable_balance_ratio":0.99,"fiat_display_currency":"USD","timeframe":"15m","trading_mode":"futures","margin_mode":"isolated","stoploss_on_exchange":true,"dry_run":true,"dry_run_wallet":1000,"cancel_open_orders_on_exit":false,"unfilledtimeout":{"enter":10,"exit":30,"unit":"minutes"},"order_types":{"entry":"market","exit":"market","emergency_exit":"market","force_entry":"market","force_exit":"market","stoploss":"market","stoploss_on_exchange":true,"stoploss_on_exchange_interval":60},"entry_pricing":{"price_side":"other","ask_last_balance":0,"use_order_book":true,"order_book_top":1,"check_depth_of_market":{"enabled":false,"bids_to_ask_delta":1}},"exit_pricing":{"price_side":"other","use_order_book":true,"order_book_top":1},"exchange":{"name":"binance","key":"REDACTED","secret":"REDACTED","ccxt_config":{},"ccxt_async_config":{},"pair_whitelist":["AVAX/USDT:USDT"],"pair_blacklist":["TFUEL/BTC","ONE/BTC","ATOM/BTC","XMR/BTC","BNB/BUSD","BNB/BTC","BNB/ETH","BNB/EUR","BNB/NGN","BNB/PAX","BNB/RUB","BNB/TRY","BNB/TUSD","BNB/USDC","BNB/USDS","EUR/USDT:USDT",".*UP/USDT:USDT",".*DOWN/USDT:USDT",".*BEAR/USDT:USDT",".*BULL/USDT:USDT","BRD/BTC"]},"pairlists":[{"method":"StaticPairList"}],"edge":{"enabled":false,"process_throttle_secs":3600,"calculate_since_number_of_days":7,"allowed_risk":0.01,"stoploss_range_min":-0.01,"stoploss_range_max":-0.1,"stoploss_range_step":-0.01,"minimum_winrate":0.6,"minimum_expectancy":0.2,"min_trade_number":10,"max_trade_duration_minute":1440,"remove_pumps":false},"telegram":{"enabled":false,"token":"REDACTED","chat_id":"REDACTED","allow_custom_messages":true,"notification_settings":{"status":"silent","warning":"on","startup":"off","entry":"silent","entry_fill":"on","entry_cancel":"silent","exit":{"roi":"silent","emergency_exit":"on","force_exit":"on","exit_signal":"silent","trailing_stop_loss":"on","stop_loss":"on","stoploss_on_exchange":"on","custom_exit":"silent","partial_exit":"on"},"exit_cancel":"on","exit_fill":"on","protection_trigger":"off","protection_trigger_global":"on","strategy_msg":"on","show_candle":"off"},"reload":true,"balance_dust_level":0.01,"keyboard":[["/daily","/stats","/balance","/profit"],["/status table","/performance"]]},"api_server":{"enabled":true,"listen_ip_address":"0.0.0.0","listen_port":8080,"verbosity":"error","enable_openapi":false,"jwt_secret_key":"f27e8a9020b54f82df881556110fb855553a7318ac867dcfa6b39c48a417cd85","ws_token":"4HvTpCwFiBhndyK0jFYYYPsl24P6UGd4bg","CORS_origins":[],"username":"admin","password":"REDACTED"},"bot_name":"freqtrade","initial_state":"running","force_entry_enable":false,"internals":{"process_throttle_secs":5},"config_files":["/freqtrade/user_data/config-futures-backtest.json"]}